SMILES,PCE (%)
BrCCCCCCN1C2=CC=CC=C2SC=2C=C(C=CC12)C1=CC=2C(S1)=C(C1=C(SC(=C1)C=1C=CC=3N(C4=CC=CC=C4SC3C1)CCCCCCBr)C2SCCCCCC)SCCCCCC,18.26
O(C1=CC=C(C=C1)N(C2=CC=C(OC)C=C2)C3=CC=C(C=CC=C(C=4C=CC=CC4)C5=CC=CC=6C=CC=CC65)C=C3)C,11.63
O(C1=CC=C(C=C1)N(C2=CC=C(OC)C=C2)C3=CC=C(C=C3)C=4C=CC(=CC4)[Si](C=5C=CC(=CC5)C6=CC=C(C=C6)N(C7=CC=C(OC)C=C7)C8=CC=C(OC)C=C8)(C=9C=CC(=CC9)C%10=CC=C(C=C%10)N(C%11=CC=C(OC)C=C%11)C%12=CC=C(OC)C=C%12)C=%13C=CC(=CC%13)C%14=CC=C(C=C%14)N(C%15=CC=C(OC)C=C%15)C%16=CC=C(OC)C=C%16)C,14.15
N=1SN=C2C1C(=CC=C2C=3C=CC(=CC3)N4C5=CC=C(C=C5C=6C=C(C=CC64)N(C7=CC=C(OC)C=C7)C8=CC=C(OC)C=C8)N(C9=CC=C(OC)C=C9)C%10=CC=C(OC)C=C%10)C%11=CC=C(C=C%11)N%12C%13=CC=C(C=C%13C=%14C=C(C=CC%14%12)N(C%15=CC=C(OC)C=C%15)C%16=CC=C(OC)C=C%16)N(C%17=CC=C(OC)C=C%17)C%18=CC=C(OC)C=C%18,16.87
O(C1=CC(=CC2=C1C=3C=CC(=CC3C2(C=4C=CC=CC4)C=5C=CC=CC5)C6=CC=C(C=C6)N7C=8C=CC=CC8C=9C=CC=CC97)C=%10C=CC(=CC%10)N%11C=%12C=CC=CC%12C=%13C=CC=CC%13%11)CCCCCCN%14C=%15C=CC=CC%15C=%16C=CC=CC%16%14,13.06
O=C1C(C=2SC=C(C=3C=CC(=CC3)N(C=4C=CC=CC4)C=5C=CC=CC5)C2N1CC(CC)CCCC)=C6C(=O)N(C7=C6SC=C7C8=CC=C(C=C8)N9C=%10C=CC=CC%10C=%11C=CC=CC%119)CC(CC)CCCC,11.7
C=1C=CC2=C(C1)C3=CC=C(C=C3C2(C)C)N(C4=CC=C(C=C4)C=5C=C6C7=C(C5)C(C8=CC(=CC9=C8N7C=%10C(=CC(=CC%10C9(C)C)C%11=CC=C(C=C%11)N(C%12=CC=C%13C=%14C=CC=CC%14C(C%13=C%12)(C)C)C%15=CC=C%16C=%17C=CC=CC%17C(C%16=C%15)(C)C)C6(C)C)C%18=CC=C(C=C%18)N(C%19=CC=C%20C=%21C=CC=CC%21C(C%20=C%19)(C)C)C%22=CC=C%23C=%24C=CC=CC%24C(C%23=C%22)(C)C)(C)C)C%25=CC=C%26C=%27C=CC=CC%27C(C%26=C%25)(C)C,14.2
O(C1=CC=C(C=C1)N(C2=CC=C(OC)C=C2)C3=CC=C(C=C3)C=4SC=5C=6SC(=CC6[Si](C5C4)(CCCCCC)CCCCCC)C=7C=CC(=CC7)N(C8=CC=C(OC)C=C8)C9=CC=C(OC)C=C9)C,11.7
O=C1C=2C=C(SC2C=3SC(=CC3C(=O)N1CCCCCCCC)C=4C=CC(=CC4)N5C6=CC=C(C=C6C=7C=C(C=CC75)N8C9=CC=C(OC)C=C9C=%10C=C(OC)C=CC%108)N%11C%12=CC=C(OC)C=C%12C=%13C=C(OC)C=CC%13%11)C%14=CC=C(C=C%14)N%15C%16=CC=C(C=C%16C=%17C=C(C=CC%17%15)N%18C%19=CC=C(OC)C=C%19C=%20C=C(OC)C=CC%20%18)N%21C%22=CC=C(OC)C=C%22C=%23C=C(OC)C=CC%23%21,21.35
C(CCCCC)N1C=2C=CC(=CC2C=2C1=C1C(=C3C=4C=C(C=CC4N(C23)CCCCCC)C2=C(C=C(S2)C=C(C#N)C#N)CCCCCC)N(C=2C=CC(=CC21)C2=C(C=C(S2)C=C(C#N)C#N)CCCCCC)CCCCCC)C2=C(C=C(S2)C=C(C#N)C#N)CCCCCC,8.88
CCCCCCCCCCOc%19ccc(N(c1ccc(OCCCCCCCCC)cc1)c%18ccc(c8cc7c5cc(c4ccc(N(c2ccc(OCCCCCCCCCC)cc2)c3ccc(OCCCCCCCCCC)cc3)cc4)sc5c6cc%17c(cc6c7s8)c%12sc(c%11ccc(N(c9ccc(OCCCCCCCCCC)cc9)c%10ccc(OCCCCCCCCCC)cc%10)cc%11)cc%12c%16cc(c%15ccc(N(c%13ccc(OCCCCCCCCCC)cc%13)c%14ccc(OCCCCCCCCCC)cc%14)cc%15)sc%16%17)cc%18)cc%19,9.7
N(=CC=1SC(C=NC2=CC=C(C=C2)N(C3=CC=C(OC)C=C3)C4=CC=C(OC)C=C4)=C5OCCOC15)C6=CC=C(C=C6)N(C7=CC=C(OC)C=C7)C8=CC=C(OC)C=C8,11.0
C(#C[Si](C(C)C)(C(C)C)C(C)C)C1=C2C=C3C=CC=CC3=CC2=C(C#C[Si](C(C)C)(C(C)C)C(C)C)C=4C=C5C=CC=CC5=CC14,11.5
O=CC=1SC=2C=3C=C4C(=CC3C(C2C1)(CCCCCCCC)CCCCCCCC)C=5SC(C=O)=CC5C4(CCCCCCCC)CCCCCCCC,16.94
O(C1=CC=C(C=C1)N(C2=CC=C(OC)C=C2)C3=CC=C4C(=C3)C=5C=C(C=CC5N4CC=6C=CC=CC6CN7C8=CC=C(C=C8C=9C=C(C=CC97)N(C%10=CC=C(OC)C=C%10)C%11=CC=C(OC)C=C%11)N(C%12=CC=C(OC)C=C%12)C%13=CC=C(OC)C=C%13)N(C%14=CC=C(OC)C=C%14)C%15=CC=C(OC)C=C%15)C,16.9
O(C1=CC=C(C=C1)N(C2=CC=C(OC)C=C2)C3=CC(=C4C=CC5=C(C=C(C6=CC=C3C4=C65)N(C7=CC=C(OC)C=C7)C8=CC=C(OC)C=C8)N(C9=CC=C(OC)C=C9)C%10=CC=C(OC)C=C%10)N(C%11=CC=C(OC)C=C%11)C%12=CC=C(OC)C=C%12)C,12.4
C=1C=C(C=CC1N(C2=CC=C(C=C2)CC)C3=CC=C4C5=CC=C(C=C5C6(C4=C3)C7=CC(=CC=C7C8=CC=C(C=C86)N(C9=CC=C(C=C9)CC)C%10=CC=C(C=C%10)CC)N(C%11=CC=C(C=C%11)CC)C%12=CC=C(C=C%12)CC)N(C%13=CC=C(C=C%13)CC)C%14=CC=C(C=C%14)CC)CC,15.75
C(CCCCC)N1C=2C=CC(=CC2C=2C1=C1C(=C3C=4C=C(C=CC4N(C23)CCCCCC)C2=CC3=C(S2)C=2SC(=CC2C3(CCCCCC)CCCCCC)C=C(C#N)C#N)N(C=3C=CC(=CC31)C3=CC1=C(S3)C=3SC(=CC3C1(CCCCCC)CCCCCC)C=C(C#N)C#N)CCCCCC)C1=CC3=C(S1)C=1SC(=CC1C3(CCCCCC)CCCCCC)C=C(C#N)C#N,14.87
O(C1=CC=C(C=C1)N(C2=CC=C(OC)C=C2)C3=CC=C4C5=CC=C(C=C5N(C6=CC=C(C=C6)N(C7=CC=C(C=C7)N8C9=CC(=CC=C9C%10=CC=C(C=C%108)N(C%11=CC=C(OC)C=C%11)C%12=CC=C(OC)C=C%12)N(C%13=CC=C(OC)C=C%13)C%14=CC=C(OC)C=C%14)C%15=CC=C(C=C%15)N%16C%17=CC(=CC=C%17C%18=CC=C(C=C%18%16)N(C%19=CC=C(OC)C=C%19)C%20=CC=C(OC)C=C%20)N(C%21=CC=C(OC)C=C%21)C%22=CC=C(OC)C=C%22)C4=C3)N(C%23=CC=C(OC)C=C%23)C%24=CC=C(OC)C=C%24)C,13.9
O(C1=CC=C(C=C1)N(C2=CC=C(OC)C=C2)C=3C=CC(=CC3)C=4C=CC5=CC(=CC=C5C4)C6=CC=C(C=C6)N(C7=CC=C(OC)C=C7)C8CCC(OC)CC8)C,13.0
CSc%13ccc(N(c1ccc(SC)cc1)c%12ccc(c8c(C)c(c4ccc(N(c2ccc(SC)cc2)c3ccc(SC)cc3)cc4)c(c7ccc(N(c5ccc(SC)cc5)c6cccc(SC)c6)cc7)c(C)c8c%11ccc(N(c9ccc(SC)cc9)c%10ccc(SC)cc%10)cc%11)cc%12)cc%13,16.6
O1C=2C=C(C=CC2N(C3=CC=C(OC)C=C3)C=4C=CC(=CC14)C5=CC=C(C=C5)N(C6=CC=C(OC)C=C6)C7=CC=C(OC)C=C7)C8=CC=C(C=C8)N(C9=CC=C(OC)C=C9)C%10=CC=C(OC)C=C%10,17.0
O(C1=CC=C(C=C1)N(C2=CC=C(OC)C=C2)C=3C=CC(=CC3)C=4SC(=CC4)C=5C=CC6=C(C5)C7C=8C=CC(=CC8C6C=9C=C(C=CC97)C=%10SC(=CC%10)C=%11C=CC(=CC%11)N(C%12=CC=C(OC)C=C%12)C%13=CC=C(OC)C=C%13)C=%14SC(=CC%14)C=%15C=CC(=CC%15)N(C%16=CC=C(OC)C=C%16)C%17=CC=C(OC)C=C%17)C,12.4
C=1C=CC(=CC1)C(=CC=CC2=CC=C(C=C2)N(C3=CC=C(C=C3)C)C4=CC=C(C=C4)C)C5=CC=CC=6C=CC=CC65,10.5
C1(=CC=C(C=C1)N(C1=CC2=C(C=C1)C1=CC=C(C=C1C21OCCO1)N(C1=CC=C(C=C1)C)C1=CC=C(C=C1)C)C1=CC=C(C=C1)C)C,20.6
C=1C=C(C=CC1C=CC2=CC=C(C=C2)N(C3=CC=C(C=C3)C)C4=CC=C(C=C4)C)C=CC5=CC=C(C=C5)N(C6=CC=C(C=C6)C)C7=CC=C(C=C7)C,17.6
O(C1=CC=C(C=C1)N(C2=CC=C(OC)C=C2)C3=CC=C4C(=C3)C=5C=C(C=CC5N4C=6SC=7C(C6)=C8SC(=CC8=C9SC(=CC79)N%10C%11=CC=C(C=C%11C=%12C=C(C=CC%12%10)N(C%13=CC=C(OC)C=C%13)C%14=CC=C(OC)C=C%14)N(C%15=CC=C(OC)C=C%15)C%16=CC=C(OC)C=C%16)N%17C%18=CC=C(C=C%18C=%19C=C(C=CC%19%17)N(C%20=CC=C(OC)C=C%20)C%21=CC=C(OC)C=C%21)N(C%22=CC=C(OC)C=C%22)C%23=CC=C(OC)C=C%23)N(C%24=CC=C(OC)C=C%24)C%25=CC=C(OC)C=C%25)C,17.0
COC1=CC=C(C=C1)N(C1=CC=2C(C3=CC(=CC=C3C2C=C1)N(C1=CC=C(C=C1)OC)C1=CC=C(C=C1)OC)(C1=CC=C(C=C1)OC)C1=CC=C(C=C1)OC)C1=CC=C(C=C1)OC,17.2
O(C1=CC=C(C=C1)C(=CC2=CC=C(C=C2)N(C3=CC=C(C=C3)C=C(C4=CC=C(OC)C=C4)C5=CC=C(OC)C=C5)C6=CC=C(C=C6)C=C(C7=CC=C(OC)C=C7)C8=CC=C(OC)C=C8)C9=CC=C(OC)C=C9)C,10.8
CCCCCCOc%19ccc(N(c1ccc(OCCCCC)cc1)c%18ccc(c8cc7c5cc(c4ccc(N(c2ccc(OCCCCCC)cc2)c3ccc(OCCCCCC)cc3)cc4)sc5c6cc%17c(cc6c7s8)c%12sc(c%11ccc(N(c9ccc(OCCCCCC)cc9)c%10ccc(OCCCCCC)cc%10)cc%11)cc%12c%16cc(c%15ccc(N(c%13ccc(OCCCCCC)cc%13)c%14ccc(OCCCCCC)cc%14)cc%15)sc%16%17)cc%18)cc%19,15.7
O(C1=CC=C(C=C1)N(C2=CC=C(OC)C=C2)C3=CC=C(C=CC4=CC=C(C=C4)N(C5=CC=C(OC)C=C5)C6=CC=C(C=CC7=CC=C(C=C7)N(C8=CC=C(OC)C=C8)C9=CC=C(OC)C=C9)C=C6)C=C3)C,16.1
O(C1=CC=C(C=C1)N(C2=CC=C(OC)C=C2)C=3C=CC=4C5=CC=C(C=C5C6(C=7C=CC=CC7N(C8=CC=C(C=C8)C(C)(C)C)C9=CC=C(C=C96)C(C)(C)C)C4C3)N(C%10=CC=C(OC)C=C%10)C%11=CC=C(OC)C=C%11)C,16.6
O1C=2C=CC=CC2N3C=4C=C(OCCCCCCCC)C(=CC4OC=5C=CC=C1C53)C=6C=C(C=C7C(C6)=C(C=C7C=8C=C9OC=%10C=CC=C%11OC=%12C=CC=CC%12N(C9=CC8OCCCCCCCC)C%11%10)C=%13C=C%14OC=%15C=CC=C%16OC=%17C=CC=CC%17N(C%14=CC%13OCCCCCCCC)C%16%15)C=%18C=C%19OC=%20C=CC=C%21OC=%22C=CC=CC%22N(C%19=CC%18OCCCCCCCC)C%21%20,15.7
N#CC1=CC=C2C3=CC=C(C=C3C4(C=5C=CC=CC5C=6C=CC=CC64)C2=C1)C7=CC=C8C9=CC=C(C=C9C(C8=C7)(CCCCCCCC)CCCCCCCC)N(C%10=CC=C(C=C%10)N%11C=%12C=CC=CC%12C=%13C=CC=CC%13%11)C%14=CC=C%15C%16=CC=C(C=C%16C(C%15=C%14)(CCCCCCCC)CCCCCCCC)C%17=CC=C%18C%19=CC=C(C#N)C=C%19C%20(C=%21C=CC=CC%21C=%22C=CC=CC%22%20)C%18=C%17,6.5
O(C1=CC=C(C=C1)N(C2=CC=C(OC)C=C2)C3=CC=C4C(=C3)C=5C(=C6C7=CC(=CC=C7N(C6=C8C9=CC(=CC=C9N(C58)CCCCCC)N(C%10=CC=C(OC)C=C%10)C%11=CC=C(OC)C=C%11)CCCCCC)N(C%12=CC=C(OC)C=C%12)C%13=CC=C(OC)C=C%13)N4CCCCCC)C,11.9
FC=1C(F)=C(C=2C=CC(=CC2)N3C4=CC=C(C=C4C=5C=C(C=CC53)N(C6=CC=C(OC)C=C6)C7=CC=C(OC)C=C7)N(C8=CC=C(OC)C=C8)C9=CC=C(OC)C=C9)C%10=NSN=C%10C1C%11=CC=C(C=C%11)N%12C%13=CC=C(C=C%13C=%14C=C(C=CC%14%12)N(C%15=CC=C(OC)C=C%15)C%16=CC=C(OC)C=C%16)N(C%17=CC=C(OC)C=C%17)C%18=CC=C(OC)C=C%18,15.71
O(C1=CC=C(C=C1)N(C2=CC=C(C=C2)N3C=4C=CC=CC4C=5C=CC=CC53)C=6C=CC7=C(C6)C(C8=C7C9=C(C=%10C=CC(=CC%10C9(CCCCCC)CCCCCC)N(C%11=CC=C(OC)C=C%11)C%12=CC=C(C=C%12)N%13C=%14C=CC=CC%14C=%15C=CC=CC%15%13)C%16=C8C=%17C=CC(=CC%17C%16(CCCCCC)CCCCCC)N(C%18=CC=C(OC)C=C%18)C%19=CC=C(C=C%19)N%20C=%21C=CC=CC%21C=%22C=CC=CC%22%20)(CCCCCC)CCCCCC)C,17.1
C=1C=CC(=CC1)N(C2=CC=C(C=C2)C=3C=CC(=CC3)N(C4=CC=C(C=CC5=CC=C6C(=C5)C=7C=CC=CC7N6CC)C=C4)C8=CC=C(C=C8)C)C9=CC=C(C=C9)C,13.1
O(C1=CC=C(C=C1)N(C2=CC=C(C=CC3=CC=C(C=C3)N(C4=CC=C(C=C4)C)C5=CC=C(C=C5)C)C=C2)C6=CC=C(C=CC7=CC=C(C=C7)N(C8=CC=C(C=C8)C)C9=CC=C(C=C9)C)C=C6)C,15.4
O(C1=CC=C(C=C1)N(C2=CC=C(OC)C=C2)C3=CC=C(C=C3)C=4SC5=C6SC(=CC6=C7C=C(SC7=C5C4)C8=CC=C(C=C8)N(C9=CC=C(OC)C=C9)C%10=CC=C(OC)C=C%10)C=%11C=CC(=CC%11)N(C%12=CC=C(OC)C=C%12)C%13=CC=C(OC)C=C%13)C,18.97
C(=CC1=CC=C(C=C1)N(C2=CC=C(C=C2)C)C3=CC=C(C=C3)C)C=4C=CC(=CC4)C5=CC=C(C=CC6=CC=C(C=C6)N(C7=CC=C(C=C7)C)C8=CC=C(C=C8)C)C=C5,12.34
C1(=CC=C(C=C1)N(C=1C=CC=2C3=CC=C(C=C3C3=CC=CC1C23)N(C2=CC=C(C=C2)C)C2=CC=C(C=C2)C)C2=CC=C(C=C2)C)C,11.19
COc%19ccc(N(c1ccc(OC)cc1)c%18ccc(c8cc7c5cc(c4ccc(N(c2ccc(OC)cc2)c3ccc(OC)cc3)cc4)sc5c6cc%17c(cc6c7s8)c%12sc(c%11ccc(N(c9ccc(OC)cc9)c%10ccc(OC)cc%10)cc%11)cc%12c%16cc(c%15ccc(N(c%13ccc(OC)cc%13)c%14ccc(OC)cc%14)cc%15)sc%16%17)cc%18)cc%19,18.1
O(C1=CC=C(C=C1)N(C2=CC=C(OC)C=C2)C3=CC=C(C=CC4=CC=C(C=C4)N(C5=CC=C(C=C5)C=6C=CC(=CC6)N(C7=CC=C(C=CC8=CC=C(C=C8)N(C9=CC=C(OC)C=C9)C%10=CC=C(OC)C=C%10)C=C7)C%11=CC=C(C=CC%12=CC=C(C=C%12)N(C%13=CC=C(OC)C=C%13)C%14=CC=C(OC)C=C%14)C(=C%11)C)C%15=CC=C(C=CC%16=CC=C(C=C%16)N(C%17=CC=C(OC)C=C%17)C%18=CC=C(OC)C=C%18)C(=C%15)C)C=C3)C,15.28
C(C)C(CC1=CC=C(S1)C1=C2C(S[C]=C2)=C(C2=C1SC(=C2)C=2C=1C(SC2C(C(CCCC)CC)=O)=CS[C]1)C=1SC(=CC1)CC(CCCC)CC)CCCC,9.3
C=1C=C(C=CC1N(C2=CC=C(C=C2)C)C3=CC=C4C5=CC=C(C=C5C6(C4=C3)C7=CC(=CC=C7C8=CC=C(C=C86)N(C9=CC=C(C=C9)C)C%10=CC=C(C=C%10)C)N(C%11=CC=C(C=C%11)C)C%12=CC=C(C=C%12)C)N(C%13=CC=C(C=C%13)C)C%14=CC=C(C=C%14)C)C,18.38
COC(C=C1)=CC=C1N(C2=CC=C(C=C2)OC)C(C=C3)=CC4=C3C(C=CC(N(C5=CC=C(C=C5)OC)C6=CC=C(C=C6)OC)=C7)=C7C84C9=C(C=CC(N(C%10=CC=C(C=C%10)OC)C%11=CC=C(C=C%11)OC)=C9)C%12=C8C=C(N(C%13=CC=C(C=C%13)OC)C%14=CC=C(C=C%14)OC)C=C%12,2.3
O(C1=CC=C(C=C1)N(C2=CC=C(OC)C=C2)C3=CC=C4C5=CC=C(C=C5C6(C4=C3)C7=CC(=CC=C7C8=CC=C(C=C86)N(C9=CC=C(OC)C=C9)C%10=CC=C(OC)C=C%10)N(C%11=CC=C(OC)C=C%11)C%12=CC=C(OC)C=C%12)N(C%13=CC=C(OC)C=C%13)C%14=CC=C(OC)C=C%14)C,14.9
O1C2=CSC(C=CC3=CC=C(C=C3)N(C=4C=CC(=CC4)C5=CC=C(C=C5)N(C=6C=CC=CC6)C7=CC=C(C=C7)C)C8=CC=C(C=C8)C)=C2OCC1,10.29
C=1C=CC(=CC1)N2C3=CC=CC=C3C4=C2C=5C=6C=CC=CC6N(C=7C=CC=CC7)C5C=8C=9C=CC=CC9N(C=%10C=CC=CC%10)C48,15.3
O(C1=CC=C(C=C1)N(C2=CC=C(OC)C=C2)C=3C=C4C=5C=C(C=C(C5N(C4=C(C3)N(C6=CC=C(OC)C=C6)C7=CC=C(OC)C=C7)CC)N(C8=CC=C(OC)C=C8)C9=CC=C(OC)C=C9)N(C%10=CC=C(OC)C=C%10)C%11=CC=C(OC)C=C%11)C,17.81
N1=C(C(=NC=2C1=C(SC2C=3C=CC(=CC3)N(C4=CC=C(OC)C=C4)C5=CC=C(OC)C=C5)C6=CC=C(C=C6)N(C7=CC=C(OC)C=C7)C8=CC=C(OC)C=C8)C=9C=CC(OC)=CC9)C=%10C=CC(OC)=CC%10,19.27
O(C1=CC=C(C=C1)N(C2=CC=C(OC)C=C2)C3=C(C(C=4C(=C(C(=C(C4C)N(C5=CC=C(OC)C=C5)C6=CC=C(OC)C=C6)C)N(C7=CC=C(OC)C=C7)C8=CC=C(OC)C=C8)C)=C(C(=C3C)N(C9=CC=C(OC)C=C9)C%10=CC=C(OC)C=C%10)C)C)C,12.11
O(C1=CC=C(C=C1)N(C2=CC=C(OC)C=C2)C=3C=CC=4C5=CC=C(C=C5C6(C4C3)C7=CC(=CC=C7N(C8=CC=C(C=C8)C(C)(C)C)C9=CC=C(C=C96)C(C)(C)C)C(C)(C)C)N(C%10=CC=C(OC)C=C%10)C%11=CC=C(OC)C=C%11)C,10.8
C=1C=CC2=C(C1)C3=CC(C=CC4=CC=C(C=C4)N(C5=CC=C(C=C5)C=6C=CC(=CC6)N(C7=CC=C(C=CC8=CC=C9C(=C8)C=%10C=CC=CC%10N9CC)C=C7)C%11=CC=C(C=CC%12=CC=C%13C(=C%12)C=%14C=CC=CC%14N%13CC)C(=C%11)C)C%15=CC=C(C=CC%16=CC=C%17C(=C%16)C=%18C=CC=CC%18N%17CC)C(=C%15)C)=CC=C3N2CC,11.73
O(C1=CC=C(C=C1)N(C2=CC=C(OC)C=C2)C3=CC=C(C=C3)C=4C=CC=5C=6C=CC(=CC6[Si](C5C4)(CCCCCC)CCCCCC)C=7C=CC(=CC7)N(C8=CC=C(OC)C=C8)C9=CC=C(OC)C=C9)C,11.0
O(C1=CC=C(C=C1)N(C2=CC=C(OC)C=C2)C3=CC=C(C=C3)C=4C=C5C6=C(C4)C(C7=CC(=CC8=C7N6C=9C(=CC(=CC9C8(C)C)C%10=CC=C(C=C%10)N(C%11=CC=C(OC)C=C%11)C%12=CC=C(OC)C=C%12)C5(C)C)C%13=CC=C(C=C%13)N(C%14=CC=C(OC)C=C%14)C%15=CC=C(OC)C=C%15)(C)C)C,13.6
O=C1C=2C=CC=CC2C=3C=CC=CC3C14C=5C=C(C=CC5C=6C=CC(=CC64)C=7C=CC(=CC7)N(C8=CC=C(OC)C=C8)C9=CC=C(OC)C=C9)C%10=CC=C(C=C%10)N(C%11=CC=C(OC)C=C%11)C%12=CC=C(OC)C=C%12,14.72
N=1C(=NC(=NC1C=2SC(=CC2)C=3C=CC(=CC3)N(C4=CC=C(OC)C=C4)C5=CC=C(OC)C=C5)C=6SC(=CC6)C=7C=CC(=CC7)N(C8=CC=C(OC)C=C8)C9=CC=C(OC)C=C9)C=%10SC(=CC%10)C=%11C=CC(=CC%11)N(C%12=CC=C(OC)C=C%12)C%13=CC=C(OC)C=C%13,10.9
O(C1=CC=C(C=C1)N(C2=CC=C(OC)C=C2)C3=CC=C(C=C3)C=4SC(C=5C=CC(=CC5)N(C6=CC=C(OC)C=C6)C7=CC=C(OC)C=C7)=C(C8=CC=C(C=C8)N(C9=CC=C(OC)C=C9)C%10=CC=C(OC)C=C%10)C4C=%11C=CC(=CC%11)N(C%12=CC=C(OC)C=C%12)C%13=CC=C(OC)C=C%13)C,15.4
COc%14ccc(N(c1ccc(OC)cc1)c2ccc6c(c2)c5cc(N(c3ccc(OC)cc3)c4ccc(OC)cc4)ccc5n6n%13c9ccc(N(c7ccc(OC)cc7)c8ccc(OC)cc8)cc9c%12cc(N(c%10ccc(OC)cc%10)c%11ccc(OC)cc%11)ccc%12%13)cc%14,17.0
N1=C(C(=NC2=C1C(=CC=C2C3=CC=C(C=C3)N(C4=CC=C(OC)C=C4)C5=CC=C(OC)C=C5)C=6C=CC(=CC6)N(C7=CC=C(OC)C=C7)C8=CC=C(OC)C=C8)C=9SC(=CC9)C)C=%10SC(=CC%10)C,19.62
N=1SN=C2C1C(=CC=C2C=3SC=4C=5SC(=CC5[Si](C4C3)(CCCCCC)CCCCCC)C=6C=C7C8=C(C6)C(C9=CC(=CC%10=C9N8C=%11C(=CC(=CC%11C%10(C)C)C=%12SC=%13C=%14SC(=CC%14[Si](C%13C%12)(CCCCCC)CCCCCC)C%15=CC=C(C%16=NSN=C%16%15)C=%17SC(=CC%17)C=%18SC(=CC%18)C=%19SC(=CC%19)CCCCCC)C7(C)C)C=%20SC=%21C=%22SC(=CC%22[Si](C%21C%20)(CCCCCC)CCCCCC)C%23=CC=C(C%24=NSN=C%24%23)C=%25SC(=CC%25)C=%26SC(=CC%26)C=%27SC(=CC%27)CCCCCC)(C)C)C=%28SC(=CC%28)C=%29SC(=CC%29)C=%30SC(=CC%30)CCCCCC,12.8
COC1=CC=C(C=C1)N(C1=CC=2C(C3=CC(=CC=C3C2C=C1)N(C1=CC=C(C=C1)OC)C1=CC=C(C=C1)OC)=C1C2=CC(=CC=C2C=2C=CC(=CC12)N(C1=CC=C(C=C1)OC)C1=CC=C(C=C1)OC)N(C1=CC=C(C=C1)OC)C1=CC=C(C=C1)OC)C1=CC=C(C=C1)OC,16.6
O=C1C(C=2SC=C(C=3C=CC=CC3)C2N1CC(CC)CCCC)=C4C(=O)N(C5=C4SC=C5C6=CC=CC=C6)CC(CC)CCCC,10.5
O=C1NC(=O)C=2C=C(SC2C=3SC(=CC13)C4=CC=C(C=C4)N5C6=CC=C(C=C6C=7C=C(C=CC75)N(C8=CC=C(OC)C=C8)C9=CC=C(OC)C=C9)N(C%10=CC=C(OC)C=C%10)C%11=CC=C(OC)C=C%11)C=%12C=CC(=CC%12)N%13C%14=CC=C(C=C%14C=%15C=C(C=CC%15%13)N(C%16=CC=C(OC)C=C%16)C%17=CC=C(OC)C=C%17)N(C%18=CC=C(OC)C=C%18)C%19=CC=C(OC)C=C%19,20.81
S(C1=CC=C(C=C1)N(C2=CC=C(SC)C=C2)C3=CC=C4C5=CC=C(C=C5C6(C4=C3)C7=CC(=CC=C7C8=CC=C(C=C86)N(C9=CC=C(SC)C=C9)C%10=CC=C(SC)C=C%10)N(C%11=CC=C(SC)C=C%11)C%12=CC=C(SC)C=C%12)N(C%13=CC=C(SC)C=C%13)C%14=CC=C(SC)C=C%14)C,15.92
CCCCOc%19ccc(N(c1ccc(OCCC)cc1)c%18ccc(c8cc7c5cc(c4ccc(N(c2ccc(OCCCC)cc2)c3ccc(OCCCC)cc3)cc4)sc5c6cc%17c(cc6c7s8)c%12sc(c%11ccc(N(c9ccc(OCCCC)cc9)c%10ccc(OCCCC)cc%10)cc%11)cc%12c%16cc(c%15ccc(N(c%13ccc(OCCCC)cc%13)c%14ccc(OCCCC)cc%14)cc%15)sc%16%17)cc%18)cc%19,17.3
O(C1=CC=C(C=C1)N(C2=CC=C(OC)C=C2)C3=CC=C(C=C3)C=4SC=5C=6SC(=CC6C7=C(SC(C=8C=CC(=CC8)N(C9=CC=C(OC)C=C9)C%10=CC=C(OC)C=C%10)=C7C5C4)C%11=CC=C(C=C%11)N(C%12=CC=C(OC)C=C%12)C%13=CC=C(OC)C=C%13)C=%14C=CC(=CC%14)N(C%15=CC=C(OC)C=C%15)C%16=CC=C(OC)C=C%16)C,18.17
O=C1C(C=2SC(=CC2N1CC(CC)CCCC)C=3C=C(C=C(C3)N4C=5C=CC=CC5C=6C=CC=CC64)N7C=8C=CC=CC8C=9C=CC=CC97)=C%10C(=O)N(C=%11C=C(SC%11%10)C=%12C=C(C=C(C%12)N%13C=%14C=CC=CC%14C=%15C=CC=CC%15%13)N%16C=%17C=CC=CC%17C=%18C=CC=CC%18%16)CC(CC)CCCC,9.5
O(C1=CC=C(C=C1)N(C2=CC=C(OC)C=C2)C3=CC=C(C=C3)C=4C=CC=5C=6C=CC(=CC6C(C5C4)=C7C8=CC(=CC=C8C=9C=CC(=CC97)C=%10C=CC(=CC%10)N(C%11=CC=C(OC)C=C%11)C%12=CC=C(OC)C=C%12)C%13=CC=C(C=C%13)N(C%14=CC=C(OC)C=C%14)C%15=CC=C(OC)C=C%15)C%16=CC=C(C=C%16)N(C%17=CC=C(OC)C=C%17)C%18=CC=C(OC)C=C%18)C,18.61
O(C1=CC=C(C=C1)N(C2=CC=C3C4=CC=C(C=C4C5(C3=C2)C6=CC(=CC=C6C7=CC=C(C=C75)N(C8=CC=C(OC)C=C8)C=9C=CC=CC9OC)N(C%10=CC=C(OC)C=C%10)C=%11C=CC=CC%11OC)N(C%12=CC=C(OC)C=C%12)C=%13C=CC=CC%13OC)C=%14C=CC=CC%14OC)C,16.7
O(C1=CC=C(C=C1)N(C2=CC=C(OC)C=C2)C3=CC=C(C=C3)C=4SC=5C(C4)=C6SC(=CC6=C7SC(=CC57)C8=CC=C(C=C8)N(C9=CC=C(OC)C=C9)C%10=CC=C(OC)C=C%10)C%11=CC=C(C=C%11)N(C%12=CC=C(OC)C=C%12)C%13=CC=C(OC)C=C%13)C,18.2
O=C1C=2C=C(C=CC2N(C=3C=C4C(=O)C=5C=C(C=CC5N(C4=CC13)CCCCCCCC)C6=CC=C7C=8C6=CC=CC8CC7)CCCCCCCC)C9=CC=C%10C=%11C9=CC=CC%11CC%10,14.7
O(C1=CC(=CC2=C1C=3C=CC(=CC3C2(C=4C=CC=CC4)C=5C=CC=CC5)C6=CC=C(C=C6)N(C=7C=CC=CC7)C=8C=CC=CC8)C=9C=CC(=CC9)N(C=%10C=CC=CC%10)C=%11C=CC=CC%11)CCCCCCCC,12.8
O=C1C=2C=C(C=CC2C=3C=CC(=CC3C14C=5C=C(C=CC5C=6C=CC(=CC64)C=7C=CC(=CC7)N(C8=CC=C(OC)C=C8)C9=CC=C(OC)C=C9)C%10=CC=C(C=C%10)N(C%11=CC=C(OC)C=C%11)C%12=CC=C(OC)C=C%12)C=%13C=CC(=CC%13)N(C%14=CC=C(OC)C=C%14)C%15=CC=C(OC)C=C%15)C%16=CC=C(C=C%16)N(C%17=CC=C(OC)C=C%17)C%18=CC=C(OC)C=C%18,16.06
O(C1=CC=C(C=C1)N(C2=CC=C(OC)C=C2)C=3C=CC4=C(C3)C5=C(C=6C=7C=CC(=CC7C(C6C=8C=9C=CC(=CC9C(C85)(CCCCCC)CCCCCC)N(C%10=CC=C(OC)C=C%10)C%11=CC=C(OC)C=C%11)(CCCCCC)CCCCCC)N(C%12=CC=C(OC)C=C%12)C%13=CC=C(OC)C=C%13)C4(CCCCCC)CCCCCC)C,18.6
C=1C=CC(=CC1)C(=CC=CC2=CC=C(C=C2)N(CC=3C=CC=CC3)CC=4C=CC=CC4)C5=CC=CC=6C=CC=CC65,11.4
COC1=CC=C(C=C1)N(C1=CC=2C(C3=CC(=CC=C3C2C=C1)N(C1=CC=C(C=C1)OC)C1=CC=C(C=C1)OC)C1C2=CC(=CC=C2C=2C=CC(=CC12)N(C1=CC=C(C=C1)OC)C1=CC=C(C=C1)OC)N(C1=CC=C(C=C1)OC)C1=CC=C(C=C1)OC)C1=CC=C(C=C1)OC,18.9
N=1C(=NC(=NC1C=2C=CC(=CC2)C=3C=CC(=CC3)N(C4=CC=C(OC)C=C4)C5=CC=C(OC)C=C5)C=6C=CC(=CC6)C=7C=CC(=CC7)N(C8=CC=C(OC)C=C8)C9=CC=C(OC)C=C9)C=%10C=CC(=CC%10)C=%11C=CC(=CC%11)N(C%12=CC=C(OC)C=C%12)C%13=CC=C(OC)C=C%13,12.5
O1C=2C=C(C=CC2N(C3=CC=C(C=C3)N(C4=CC=C(OC)C=C4)C5=CC=C(OC)C=C5)C=6C=CC(=CC16)C7=CC=C(C=C7)N(C8=CC=C(OC)C=C8)C9=CC=C(OC)C=C9)C%10=CC=C(C=C%10)N(C%11=CC=C(OC)C=C%11)C%12=CC=C(OC)C=C%12,19.4
COc%10ccc(N(c1ccc(OC)cc1)c2ccc9c(c2)c(=Cc5ccc(N(c3ccccc3)c4ccccc4)cc5)c8cc(N(c6ccc(OC)cc6)c7ccc(OC)cc7)ccc89)cc%10,11.27
COC1=CC=C(C=C1)N(C=1C=CC=2C3=CC=C(C=C3C3=CC(=C(C1C23)C#N)C#N)N(C2=CC=C(C=C2)OC)C2=CC=C(C=C2)OC)C2=CC=C(C=C2)OC,17.01
O(CCCCCCCC)C1C2=CC=CC3=C(C=C4C(=C32)C=5C1=CC(C6=CC=C7C=8C6=CC=CC8CC7)=C9C=CC=C(C95)C4OCCCCCCCC)C=%10C=CC%11=C%12C%10C=CC=C%12CC%11,13.1
COC1=CC=C(C=C1)N(C1=CC=C(C=C1)C1=C(C(=C(S1)C=1SC(=C(C1OCCCCCCCCCC)C#N)C1=CC=C(C=C1)N(C1=CC=C(C=C1)OC)C1=CC=C(C=C1)OC)OCCCCCCCCCC)C#N)C1=CC=C(C=C1)OC,21.1
S1C=CC(=C1)CCCCCC,15.3
O(C1=CC=C(C=C1)N(C2=CC=C(OC)C=C2)C3=CC=C(C=C3)C=4C=C5C(=CC4CCC=6C=C(C=7C=CC(=CC7)N(C8=CC=C(OC)C=C8)C9=CC=C(OC)C=C9)C(=CC6C%10=CC=C(C=C%10)N(C%11=CC=C(OC)C=C%11)C%12=CC=C(OC)C=C%12)CC5)C=%13C=CC(=CC%13)N(C%14=CC=C(OC)C=C%14)C%15=CC=C(OC)C=C%15)C,17.8
*C=1SC(=CC1)C2=C3C(=O)N(C(C=4SC(=CC4)C=5C=CC=6C=7C=CC(*)=CC7N(C6C5)C(CCCCCCCC)CCCCCCCC)=C3C(=O)N2CCCCCCCC)CCCCCCCC,5.6
O(C1=CC=C(C=C1)N(C2=CC=C(OC)C=C2)C3=CC=C(C=C3)C=4C=CC5=C(C4)C6C=7C=CC(=CC7C5C=8C=C(C=CC86)C9=CC=C(C=C9)N(C%10=CC=C(OC)C=C%10)C%11=CC=C(OC)C=C%11)C%12=CC=C(C=C%12)N(C%13=CC=C(OC)C=C%13)C%14=CC=C(OC)C=C%14)C,12.2
C(CCCCCCC)N(C1=CC=C(C=C1)/C=C/C1=CC=C(C=C1)/C=C/C1=CC=C(C=C1)/C=C/C1=CC=C(C=C1)N(C1=CC=C(C=C1)\C=C\C1=CC=C(C=C1)\C=C\C1=CC=C(C=C1)\C=C\C1=CC=C(C=C1)N(CCCCCCCC)CCCCCCCC)C1=CC=C(C=C1)\C=C\C1=CC=C(C=C1)\C=C\C1=CC=C(C=C1)\C=C\C1=CC=C(C=C1)N(CCCCCCCC)CCCCCCCC)CCCCCCCC,12.6
COc%14ccc(N(c1ccc(OC)cc1)c%13ccc%12c4ccc(N(c2ccc(OC)cc2)c3ccc(OC)cc3)cc4n(n%11c7cc(N(c5ccc(OC)cc5)c6ccc(OC)cc6)ccc7c%10ccc(N(c8ccc(OC)cc8)c9ccc(OC)cc9)cc%10%11)c%12c%13)cc%14,17.6
C=1C=C(C=CC2=CC=C(C=C2)N(CCCC)CCCC)C=C(C1)N(C3=CC=C(C=CC4=CC=C(C=C4)N(CCCC)CCCC)C=C3)C5=CC=C(C=CC6=CC=C(C=C6)N(CCCC)CCCC)C=C5,15.4
FC=1C=C(C2=NSN=C2C1C=3C=CC(=CC3)N4C5=CC=C(C=C5C=6C=C(C=CC64)N(C7=CC=C(OC)C=C7)C8=CC=C(OC)C=C8)N(C9=CC=C(OC)C=C9)C%10=CC=C(OC)C=C%10)C%11=CC=C(C=C%11)N%12C%13=CC=C(C=C%13C=%14C=C(C=CC%14%12)N(C%15=CC=C(OC)C=C%15)C%16=CC=C(OC)C=C%16)N(C%17=CC=C(OC)C=C%17)C%18=CC=C(OC)C=C%18,18.54
O(C1=CC=C(C=C1)N(C2=CC=C(OC)C=C2)C3=CC=C(C=C3)C=4SC(=CC4C=5C=CC(=CC5)N(C6=CC=C(OC)C=C6)C7=CC=C(OC)C=C7)C=8SC(C=9C=CC(=CC9)N(C%10=CC=C(OC)C=C%10)C%11=CC=C(OC)C=C%11)=C(C8)C%12=CC=C(C=C%12)N(C%13=CC=C(OC)C=C%13)C%14=CC=C(OC)C=C%14)C,15.2
c1ccc(cc1)/C=C/S(=O)(=O)O.c1c2c(cs1)OCCO2,20.1
O(C1=CC(=CC2=C1C=3C=CC(=CC3C2(C=4C=CC=CC4)C=5C=CC=CC5)C6=CC=C(C=C6)N(C=7C=CC=CC7)C=8C=CC=CC8)C=9C=CC(=CC9)N(C=%10C=CC=CC%10)C=%11C=CC=CC%11)CCCCCCN%12C=%13C=CC=CC%13C=%14C=CC=CC%14%12,12.43
C(C=CC=CC1=CC=C(C=C1)N(C2=CC=C(C=C2)C)C3=CC=C(C=C3)C)=CC=CC=4C=CC(=CC4)C5=CC=C(C=CC=CC=CC=CC6=CC=C(C=C6)N(C7=CC=C(C=C7)C)C8=CC=C(C=C8)C)C=C5,11.18
C=1C=CC2=C(C1)C3=CC=C(C=C3C2(C)C)N(C=4C=CC(=CC4)C5=CC=C(C=C5)N(C6=CC=C(C=C6)C=7C=CC(=CC7)N(C8=CC=C9C=%10C=CC=CC%10C(C9=C8)(C)C)C%11=CC=C%12C=%13C=CC=CC%13C(C%12=C%11)(C)C)C%14=CC=C(C=C%14)C=%15C=CC(=CC%15)N(C%16=CC=C%17C=%18C=CC=CC%18C(C%17=C%16)(C)C)C%19=CC=C%20C=%21C=CC=CC%21C(C%20=C%19)(C)C)C%22=CC=C%23C=%24C=CC=CC%24C(C%23=C%22)(C)C,11.8
O=C1C=2C=C(SC2C=3SC(=CC3C(=O)N1CCCCCCCC)C=4C=CC(=CC4)N(C5=CC=C(C=C5)N6C7=CC=C(OC)C=C7C=8C=C(OC)C=CC86)C9=CC=C(C=C9)N%10C%11=CC=C(OC)C=C%11C=%12C=C(OC)C=CC%12%10)C%13=CC=C(C=C%13)N(C%14=CC=C(C=C%14)N%15C%16=CC=C(OC)C=C%16C=%17C=C(OC)C=CC%17%15)C%18=CC=C(C=C%18)N%19C%20=CC=C(OC)C=C%20C=%21C=C(OC)C=CC%21%19,20.09
O(C1=CC=C2C(=C1)C=3C(=C4C5=CC(OC)=CC=C5N(C4=C6C7=CC(OC)=CC=C7N(C36)CCCCCC)CCCCCC)N2CCCCCC)C,10.8
O1C=2C=CC(=CC2C3=CC(=CC=C13)N(C4=CC=C(C=C4)N(C5=CC=C(OC)C=C5)C6=CC=C(OC)C=C6)C7=CC=C(C=C7)N(C8=CC=C(OC)C=C8)C9=CC=C(OC)C=C9)N(C%10=CC=C(C=C%10)N(C%11=CC=C(OC)C=C%11)C%12=CC=C(OC)C=C%12)C%13=CC=C(C=C%13)N(C%14=CC=C(OC)C=C%14)C%15=CC=C(OC)C=C%15,14.2
*C=1SC=2C=3SC(=CC3C(C2C1)(CC(CC)CCCC)CC(CC)CCCC)C4=CC=C(*)C5=NSN=C54,5.3
O(C1=CC=C(C=C1)N(C2=CC=C(C=CC3=CC=C4C(=C3)C=5C=CC=CC5N4CC)C=C2)C6=CC=C(C=CC7=CC=C8C(=C7)C=9C=CC=CC9N8CC)C=C6)C,11.3
C(=CC1=CC=C(C=C1)N(C2=CC=C(C=C2)C=3C=CC(=CC3)N(C4=CC=C(C=CC5=CC=C(C=C5)N(C6=CC=C(C=C6)C)C7=CC=C(C=C7)C)C=C4)C8=CC=C(C=CC9=CC=C(C=C9)N(C%10=CC=C(C=C%10)C)C%11=CC=C(C=C%11)C)C(=C8)C)C%12=CC=C(C=CC%13=CC=C(C=C%13)N(C%14=CC=C(C=C%14)C)C%15=CC=C(C=C%15)C)C(=C%12)C)C%16=CC=C(C=C%16)N(C%17=CC=C(C=C%17)C)C%18=CC=C(C=C%18)C,14.33
N1=CC(=CC=C1N2C3=CC=C(C=C3C=4C=C(C=CC42)N(C5=CC=C(OC)C=C5)C6=CC=C(OC)C=C6)N(C7=CC=C(OC)C=C7)C8=CC=C(OC)C=C8)C9=CN=C(C=C9)N%10C%11=CC=C(C=C%11C=%12C=C(C=CC%12%10)N(C%13=CC=C(OC)C=C%13)C%14=CC=C(OC)C=C%14)N(C%15=CC=C(OC)C=C%15)C%16=CC=C(OC)C=C%16,18.48
O(C1=CC=C(C=C1)N(C=2C=CC=C(OC)C2)C3=CC=C4C5=CC=C(C=C5C6(C4=C3)C7=CC(=CC=C7C8=CC=C(C=C86)N(C9=CC=C(OC)C=C9)C=%10C=CC=C(OC)C%10)N(C%11=CC=C(OC)C=C%11)C=%12C=CC=C(OC)C%12)N(C%13=CC=C(OC)C=C%13)C=%14C=CC=C(OC)C%14)C,13.9
O1C=2C=CC=CC2N3C4=CC(OCCCCCCCC)=C(C=C4OC=5C=CC=C1C53)C=6C=C(C7=CC=CC=CC76)C=8C=C9OC=%10C=CC=C%11OC=%12C=CC=CC%12N(C9=CC8OCCCCCCCC)C%11%10,9.7
O(C1=CC=C(C=C1)N(C2=CC=C(OC)C=C2)C3=CC=C4C(=C3)C=5C=C(C=CC5N4C6=CC=C(C=C6)C=7C=CC(=CC7)N8C9=CC=C(C=C9C=%10C=C(C=CC%108)N(C%11=CC=C(OC)C=C%11)C%12=CC=C(OC)C=C%12)N(C%13=CC=C(OC)C=C%13)C%14=CC=C(OC)C=C%14)N(C%15=CC=C(OC)C=C%15)C%16=CC=C(OC)C=C%16)C,9.8
N=1C=CC(=CC1)COC2=CC=C3C(OC4=CC(OCC=5C=CN=CC5)=CC=C4C36C=7C=C(C=CC7C8=CC=C(C=C86)N(C9=CC=C(OC)C=C9)C%10=CC=C(OC)C=C%10)N(C%11=CC=C(OC)C=C%11)C%12=CC=C(OC)C=C%12)=C2,17.7
C(CCCC)OC1=C(SC(=C1)C1=CC=C(N(C2=CC=C(C=C2)OC)C2=CC=C(C=C2)OC)C=C1)C=1SC(=CC1OCCCCC)C1=CC=C(N(C2=CC=C(C=C2)OC)C2=CC=C(C=C2)OC)C=C1,20.27
*C=1SC(=CC1)C=2SC(=CC2)C=3SC(=CC3)C4=C5C(=O)N(C(*)=C5C(=O)N4CC(CCCCCC)CCCCCCCC)CC(CCCCCC)CCCCCCCC,12.3
O=CC=1SC=2C=3C=C4C(=CC3C(C2C1)(CCCCCC)CCCCCC)C=5SC(C=O)=CC5C4(CCCCCC)CCCCCC,18.34
O(C1=CC=C(C=C1)C2=CC=C3C(=C2)C=4C(=C5C6=CC(=CC=C6N(C5=C7C8=CC(=CC=C8N(C47)CCCCCC)C9=CC=C(OC)C=C9)CCCCCC)C%10=CC=C(OC)C=C%10)N3CCCCCC)C,18.3
C(=CC=CC1=CC=C(C=C1)N(C2=CC=C(C=C2)C)C3=CC=C(C=C3)C)C=CC=4C=CC(=CC4)C5=CC=C(C=CC=CC=CC6=CC=C(C=C6)N(C7=CC=C(C=C7)C)C8=CC=C(C=C8)C)C=C5,12.22
O(C1=CC=C(C=C1)C(=CC=2C=C3C4=C(C2)C(C5=CC(C=C(C6=CC=C(OC)C=C6)C7=CC=C(OC)C=C7)=CC8=C5N4C=9C(=CC(C=C(C%10=CC=C(OC)C=C%10)C%11=CC=C(OC)C=C%11)=CC9C8(C)C)C3(C)C)(C)C)C%12=CC=C(OC)C=C%12)C,11.9
S1C2=C(C=C1C1=CC=C(N(C3=CC=C(C=C3)OC)C3=CC=C(C=C3)OC)C=C1)C1(C3=C2SC(=C3)C3=CC=C(N(C2=CC=C(C=C2)OC)C2=CC=C(C=C2)OC)C=C3)C3=C(SC(=C3)C3=CC=C(N(C2=CC=C(C=C2)OC)C2=CC=C(C=C2)OC)C=C3)C=3SC(=CC31)C3=CC=C(N(C1=CC=C(C=C1)OC)C1=CC=C(C=C1)OC)C=C3,13.4
C(C#CC1=CC=C(C=C1)N(C2=CC=C(OC)C=C2)C3=CC=C(OC)C=C3)#CC4=CC=C(C=C4)N(C5=CC=C(OC)C=C5)C6=CC=C(OC)C=C6,8.8
O(C1=CC=C(C=C1)N(C2=CC=C(OC)C=C2)C3=CC=C(C=C3)C=4C(=C(C5=CC=C(C=C5)N(C6=CC=C(OC)C=C6)C7=CC=C(OC)C=C7)C(=C(C=8C(=C(C9=CC=C(C=C9)N(C%10=CC=C(OC)C=C%10)C%11=CC=C(OC)C=C%11)C(=C(C%12=CC=C(C=C%12)N(C%13=CC=C(OC)C=C%13)C%14=CC=C(OC)C=C%14)C8C)C)C)C4C)C)C)C,9.7
O(C1=CC=C(C=C1)N(C2=CC=C(OC)C=C2)C=3C=CC=4C5=CC=C(C=C5C6(C=7C=CC=CC7N(C=8C=CC=CC8)C=9C=CC=CC96)C4C3)N(C%10=CC=C(OC)C=C%10)C%11=CC=C(OC)C=C%11)C,10.9
COc%10ccc(N(c8ccc(C=c6c3cc(N(c1ccc(OC)cc1)c2ccc(OC)cc2)ccc3c7ccc(N(c4ccc(OC)cc4)c5ccc(OC)cc5)cc67)cc8)c9cccc(OC)c9)cc%10,9.4
C=1C=CC(=CC1)N(C=2C=CC=CC2)C3=CC=C(C=C3)C=4C=CC5=C(C4)C=6C=CC=CC6N5C=7C=CC=CC7,13.92
COC1=CC=C(C=C1)N(C1=CC=C(C=C1)C1=CC=C(C=C1)C1=CC=C(C=C1)N(C1=CC=C(C=C1)OC)C1=CC=C(C=C1)OC)C1=CC=C(C=C1)OC,15.5
COC1=CC=C(C=C1)N(C1=CC2=C(C=C1)C1=CC=C(C=C1C21C2=CC=CC=C2OC=2C=CC=CC12)N(C1=CC=C(C=C1)OC)C1=CC=C(C=C1)OC)C1=CC=C(C=C1)OC,19.8
COC1=CC=C(C=C1)N(C1=CC=C(C=C1)C1(C2=CC(=CC=C2C=2C=CC(=CC12)N(C1=CC=C(C=C1)OC)C1=CC=C(C=C1)OC)N(C1=CC=C(C=C1)OC)C1=CC=C(C=C1)OC)C1=CC=C(C=C1)N(C1=CC=C(C=C1)OC)C1=CC=C(C=C1)OC)C1=CC=C(C=C1)OC,18.0
O(C1=CC=C(C=C1)N(C2=CC=C(OCCCCCC)C=C2)C3=CC=C4C5=CC=C(C=C5N(C=6C=CC(=CC6)C7=CC(=CC(=C7)C8=CC=CC(=C8)N9C%10=CC(=CC=C%10C%11=CC=C(C=C%119)N(C%12=CC=C(OC)C=C%12)C%13=CC=C(OCCCCCC)C=C%13)N(C%14=CC=C(OC)C=C%14)C%15=CC=C(OCCCCCC)C=C%15)C=%16C=CC(=CC%16)N%17C%18=CC(=CC=C%18C%19=CC=C(C=C%19%17)N(C%20=CC=C(OC)C=C%20)C%21=CC=C(OCCCCCC)C=C%21)N(C%22=CC=C(OC)C=C%22)C%23=CC=C(OCCCCCC)C=C%23)C4=C3)N(C%24=CC=C(OC)C=C%24)C%25=CC=C(OCCCCCC)C=C%25)C,13.0
O=C1C(C=2SC=C(C=3C=CC(=CC3)N(C=4C=CC=CC4)C=5C=CC=CC5)C2N1CC(CC)CCCC)=C6C(=O)N(C7=C6SC=C7C8=CC=C(C=C8)N(C=9C=CC=CC9)C=%10C=CC=CC%10)CC(CC)CCCC,3.2
N=1C=CC=CC1COC2=CC=C3C(OC4=CC(OCC5=NC=CC=C5)=CC=C4C36C=7C=C(C=CC7C8=CC=C(C=C86)N(C9=CC=C(OC)C=C9)C%10=CC=C(OC)C=C%10)N(C%11=CC=C(OC)C=C%11)C%12=CC=C(OC)C=C%12)=C2,15.9
COC1=CC=C(C=C1)N(C1=CC2=C(C=C1)C1=CC=C(C=C1C21C2=CC=CC=C2OC=2C=CC=CC12)N(C1=CC2=C(C=C1)C1=CC=CC=C1C21C2=CC=CC=C2OC=2C=CC=CC12)C1=CC=C(C=C1)OC)C1=CC2=C(C=C1)C1=CC=CC=C1C21C2=CC=CC=C2OC=2C=CC=CC12,20.8
*C=1C=CC(=CC1)C2=CC=C(C=C2)N(*)C=3C(=CC(=CC3C)C)C,22.1
O=C1C(SC(=S)N1CC)=CC=2SC=3C=4SC(=CC4[Si](C3C2)(CC(CC)CCCC)CC(CC)CCCC)C=5SC=6C(C5)=C(C=7SC(=CC7)CC(CC)CCCC)C=8SC(=CC8C6C=9SC(=CC9)CC(CC)CCCC)C=%10SC=%11C=%12SC(C=C%13SC(=S)N(C%13=O)CC)=CC%12[Si](C%11C%10)(CC(CC)CCCC)CC(CC)CCCC,16.2
C=1C=CC(=CC1)N(C2=CC=C(C=C2)N(C3=CC=C(C=C3)N(C=4C=CC=CC4)C5=CC=CC(=C5)C)C6=CC=C(C=C6)N(C=7C=CC=CC7)C8=CC=CC(=C8)C)C9=CC=CC(=C9)C,18.12
O(C1=CC=C(C=C1)N(C2=CC=C(OC)C=C2)C3=CC=C(C=C3)C=4SC(=C5OCCOC54)C=6C=CC7=C(C6)C8C=9C=CC(=CC9C7C=%10C=C(C=CC%108)C=%11SC(=C%12OCCOC%12%11)C%13=CC=C(C=C%13)N(C%14=CC=C(OC)C=C%14)C%15=CC=C(OC)C=C%15)C=%16SC(=C%17OCCOC%17%16)C%18=CC=C(C=C%18)N(C%19=CC=C(OC)C=C%19)C%20=CC=C(OC)C=C%20)C,19.1
O=C1C=2C=C(SC2C=3SC(=CC3C(=O)N1CCCCCCCC)C=4C=CC(=CC4)N(C5=CC=C(C=C5)N(C6=CC=C(OC)C=C6)C7=CC=C(OC)C=C7)C8=CC=C(C=C8)N(C9=CC=C(OC)C=C9)C%10=CC=C(OC)C=C%10)C%11=CC=C(C=C%11)N(C%12=CC=C(C=C%12)N(C%13=CC=C(OC)C=C%13)C%14=CC=C(OC)C=C%14)C%15=CC=C(C=C%15)N(C%16=CC=C(OC)C=C%16)C%17=CC=C(OC)C=C%17,17.41
C(=C\C=1C=C(C(=C(C1)C1=CC=C(C=C1)N(C1=CC=C(C=C1)OC)C1=CC=C(C=C1)OC)OC)C1=CC=C(C=C1)N(C1=CC=C(C=C1)OC)C1=CC=C(C=C1)OC)/C=1C=C(C(=C(C1)C1=CC=C(C=C1)N(C1=CC=C(C=C1)OC)C1=CC=C(C=C1)OC)OC)C1=CC=C(C=C1)N(C1=CC=C(C=C1)OC)C1=CC=C(C=C1)OC,12.65
O(C1=CC=C(C=C1)N(C2=CC=C(OC)C=C2)C3=CC=C4C(=C3)C5C6=CC=C(C=C6C4C7=CC(=CC=C75)N(C8=CC=C(OC)C=C8)C9=CC=C(OC)C=C9)N(C%10=CC=C(OC)C=C%10)C%11=CC=C(OC)C=C%11)C,8.4
O(C1=CC=C(C=C1)N(C2=CC=C(OC)C=C2)C3=CC=C4C5=CC=C(C=C5N(C6=CC(=C(C(=C6)COC7=CC=C(OCC(CC)CCCC)C=C7)C8=C(C=C(C=C8COC9=CC=C(OCC(CC)CCCC)C=C9)N%10C%11=CC(=CC=C%11C%12=CC=C(C=C%12%10)N(C%13=CC=C(OC)C=C%13)C%14=CC=C(OC)C=C%14)N(C%15=CC=C(OC)C=C%15)C%16=CC=C(OC)C=C%16)C)C)C4=C3)N(C%17=CC=C(OC)C=C%17)C%18=CC=C(OC)C=C%18)C,13.3
O1C=2C=CC=CC2N3C=4C=C(OCCCCCCCC)C(=CC4OC=5C=CC=C1C53)C=6C=C(C=C(C6)C7=CC=8OC=9C=CC=C%10OC=%11C=CC=CC%11N(C8C=C7OCCCCCCCC)C%109)C%12=CC(=CC(=C%12)C%13=CC=%14OC=%15C=CC=C%16OC=%17C=CC=CC%17N(C%14C=C%13OCCCCCCCC)C%16%15)C%18=CC=%19OC=%20C=CC=C%21OC=%22C=CC=CC%22N(C%19C=C%18OCCCCCCCC)C%21%20,0.45
O(C1=CC=C(C=C1)N(C2=CC=C(OC)C=C2)C3=CC=C(C=C3)C=4C=CC5=C(C4)C6=C(C=7C=8C=C(C=CC8N(C7C=9C=%10C=C(C=CC%10N(C69)CCCCCC)C%11=CC=C(C=C%11)N(C%12=CC=C(OC)C=C%12)C%13=CC=C(OC)C=C%13)CCCCCC)C%14=CC=C(C=C%14)N(C%15=CC=C(OC)C=C%15)C%16=CC=C(OC)C=C%16)N5CCCCCC)C,16.8
O(C1=CC=C(C=C1)N(C2=CC=C(OC)C=C2)C=3C=CC(=CC3)C=4SC=5SC(C=6C=CC(=CC6)N(C7=CC=C(OC)C=C7)C8=CC=C(OC)C=C8)=C(C9=CC=C(C=C9)N(C%10=CC=C(OC)C=C%10)C%11=CC=C(OC)C=C%11)C5C4C%12=CC=C(C=C%12)N(C%13=CC=C(OC)C=C%13)C%14=CC=C(OC)C=C%14)C,18.78
BrCCCCCCN1C2=CC=CC=C2OC=2C=C(C=CC12)C1=CC=2C(S1)=C(C1=C(SC(=C1)C=1C=CC=3N(C4=CC=CC=C4OC3C1)CCCCCCBr)C2SCCCCCC)SCCCCCC,19.16
*C=1SC(=CC1)C2=CC=C(C=3SC(=CC3)C=4C=CC=5C=6C=CC(*)=CC6N(C5C4)C(CCCCCCCC)CCCCCCCC)C7=NSN=C72,4.2
O(C1=CC=C(C=C1)N(C2=CC=C(OCCCCCC)C=C2)C3=CC=C4C5=CC=C(C=C5N(C=6C=C(C=C(C6)N7C8=CC(=CC=C8C9=CC=C(C=C97)N(C%10=CC=C(OC)C=C%10)C%11=CC=C(OCCCCCC)C=C%11)N(C%12=CC=C(OC)C=C%12)C%13=CC=C(OCCCCCC)C=C%13)N%14C%15=CC(=CC=C%15C%16=CC=C(C=C%16%14)N(C%17=CC=C(OC)C=C%17)C%18=CC=C(OCCCCCC)C=C%18)N(C%19=CC=C(OC)C=C%19)C%20=CC=C(OCCCCCC)C=C%20)C4=C3)N(C%21=CC=C(OC)C=C%21)C%22=CC=C(OCCCCCC)C=C%22)C,12.6
O(C1=CC=C2C(=C1)C=3C(=C4C5=CC(OC)=CC=C5N(C4=C6C7=CC(OC)=CC=C7N(C36)CCCCCC)CCCCCC)N2CCCCCC)C,8.6
COc%12ccc(N(c1ccc(OC)cc1)c%11ccc(c2cc%10ccc2CCc6cc(c5ccc(N(c3ccc(OC)cc3)c4ccc(OC)cc4)cc5)c(cc6c9ccc(N(c7ccc(OC)cc7)c8ccc(OC)cc8)cc9)CC%10)cc%11)cc%12,16.4
O(C1=CC=C(C=C1)N(C2=CC=C(OC)C=C2)C3=CC=C(C=C3)C=4SC(C5=CC=C(C=C5)N(C6=CC=C(OC)C=C6)C7=CC=C(OC)C=C7)=C(C4)C=8C=C(SC8C=9C=CC(=CC9)N(C%10=CC=C(OC)C=C%10)C%11=CC=C(OC)C=C%11)C=%12C=CC(=CC%12)N(C%13=CC=C(OC)C=C%13)C%14=CC=C(OC)C=C%14)C,11.0
O(C1=CC=C(C=C1)N(C2=CC=C(OCCCCCC)C=C2)C3=CC=C4C5=CC=C(C=C5N(C6=CC=C(C=C6)C=7C=CC(=CC7)N8C9=CC(=CC=C9C%10=CC=C(C=C%108)N(C%11=CC=C(OC)C=C%11)C%12=CC=C(OCCCCCC)C=C%12)N(C%13=CC=C(OC)C=C%13)C%14=CC=C(OCCCCCC)C=C%14)C4=C3)N(C%15=CC=C(OC)C=C%15)C%16=CC=C(OCCCCCC)C=C%16)C,11.0
O(C1=CC(=CC2=C1C=3C=CC(=CC3C2(C=4C=CC=CC4)C=5C=CC=CC5)C6=CC=C(C=C6)N7C=8C=CC=CC8C=9C=CC=CC97)C=%10C=CC(=CC%10)N%11C=%12C=CC=CC%12C=%13C=CC=CC%13%11)CCCCCCCC,13.85
O=C1C(C=2SC=C(C=3C=CC(=CC3)N4C=5C=CC=CC5C=6C=CC=CC64)C2N1CC(CC)CCCC)=C7C(=O)N(C8=C7SC=C8C9=CC=C(C=C9)N%10C=%11C=CC=CC%11C=%12C=CC=CC%12%10)CC(CC)CCCC,7.7
S(C1=CC=C(C=C1)N(C2=CC=C(SC)C=C2)C=3C=CC=4C5=CC=C(C=C5C(C4C3)(CCCCCC)CCCCCC)N(C6=CC=C(SC)C=C6)C7=CC=C(SC)C=C7)C,19.06
C=CC1=CC=C(C=C1)CC2(C=3C=C(C=CC3C4=CC=C(C=C42)N(C5=CC=C(C=C5)C)C6=CC=C(C=C6)C)N(C7=CC=C(C=C7)C)C8=CC=C(C=C8)C)CC9=CC=C(C=C)C=C9,17.9
O(C1=CC=C(C=C1)N(C2=CC=C(OC)C=C2)C=3C=CC(=CC3)C4=CC5=C(OCCCCCCCC)C6=CC=CC=7C(=CC8=C(OCCCCCCCC)C9=CC=CC4=C9C5=C8C67)C=%10C=CC(=CC%10)N(C%11=CC=C(OC)C=C%11)C%12=CC=C(OC)C=C%12)C,17.5
O(C1=CC=C(C=C1)N(C2=CC=C(OC)C=C2)C3=CC=C(C=C3)C=4C=CC(=CC4)N(C=5C=CC(=CC5)C6=CC=C(C=C6)N(C7=CC=C(OC)C=C7)C8=CC=C(OC)C=C8)C=9C=CC(=CC9)C%10=CC=C(C=C%10)N(C%11=CC=C(OC)C=C%11)C%12=CC=C(OC)C=C%12)C,12.3
O(C1=CC=C(C=C1)N(C2=CC=C(OC)C=C2)C3=CC=C(C=C3)C=4C=CC(=CC4)C=5C=CC(=CC5)C=6C=CC(=CC6)N(C7=CC=C(OC)C=C7)C8CCC(OC)CC8)C,12.1
COC1=C(C=C(C=C1C1=CC=C(C=C1)N(C1=CC=C(C=C1)OC)C1=CC=C(C=C1)OC)\C=C\C1=CC=C(C=C1)OC)C1=CC=C(C=C1)N(C1=CC=C(C=C1)OC)C1=CC=C(C=C1)OC,17.16
COC(C=C1)=CC=C1N(C2=CC=C(C=C2)OC)C(C=C3)=CC4=C3C(C=CC(N(C5=CC=C(C=C5)OC)C6=CC=C(C=C6)OC)=C7)=C7C84C9=C(C=CC(N(C%10=CC=C(C=C%10)OC)C%11=CC=C(C=C%11)OC)=C9)C%12=C8C=C(N(C%13=CC=C(C=C%13)OC)C%14=CC=C(C=C%14)OC)C=C%12,20.95
O(C1=CC=C(C=C1)N(C2=CC=C(OC)C=C2)C3=CC=C4C(=C3)C=5C=C(C=CC5N4C6=CC=C(OC)C=C6)N(C7=CC=C(OC)C=C7)C8=CC=C(OC)C=C8)C,7.6
C=1C=CC2=C(C1)C=3C=CC=CC3N2C4=CC=C(C=C4)N(C=5C=CC=6C=7C=CC(=CC7C(C6C5)(CCCCCCCC)CCCCCCCC)C8=CC=C9C=%10C=CC=CC%10C%11(C=%12C=CC=CC%12C=%13C=CC=CC%13%11)C9=C8)C=%14C=CC=%15C=%16C=CC(=CC%16C(C%15C%14)(CCCCCCCC)CCCCCCCC)C%17=CC=C%18C=%19C=CC=CC%19C%20(C=%21C=CC=CC%21C=%22C=CC=CC%22%20)C%18=C%17,16.85
O1C2=CC(OCC=3C=CC=CC3)=CC=C2C4(C5=CC=C(OCC=6C=CC=CC6)C=C15)C=7C=C(C=CC7C8=CC=C(C=C84)N(C9=CC=C(OC)C=C9)C%10=CC=C(OC)C=C%10)N(C%11=CC=C(OC)C=C%11)C%12=CC=C(OC)C=C%12,15.5
N=1C=C(C=CC1C=2N=CC(=CC2)N3C4=CC=C(C=C4C=5C=C(C=CC53)N(C6=CC=C(OC)C=C6)C7=CC=C(OC)C=C7)N(C8=CC=C(OC)C=C8)C9=CC=C(OC)C=C9)N%10C%11=CC=C(C=C%11C=%12C=C(C=CC%12%10)N(C%13=CC=C(OC)C=C%13)C%14=CC=C(OC)C=C%14)N(C%15=CC=C(OC)C=C%15)C%16=CC=C(OC)C=C%16,17.71
O1C=2C(OCC1)=C(SC2C3=CC=C4C(=C3)C=5C=CC=CC5N4CC)C=6C=CC7=C(C6)C=8C=CC=CC8N7CC,12.0
N=1N=C(OC1C=2C=CC(=CC2)N(C3=CC=C(OC)C=C3)C4=CC=C(OC)C=C4)C=5C=CC(=CC5)N(C6=CC=C(OC)C=C6)C7=CC=C(OC)C=C7,5.8
CCn7c1ccccc1c6cc(N(/C=C(c2ccc(OC)cc2)/c3ccc(OC)cc3)\C=C(c4ccc(OC)cc4)\c5ccc(OC)cc5)ccc67,17.8
COc%15ccc(N(c1ccc(OC)cc1)c%14ccc(c9cc%10CCc5cc(c4ccc(N(c2ccc(OC)cc2)c3ccc(OC)cc3)cc4)c(cc5c8ccc(N(c6ccc(OC)cc6)c7ccc(OC)cc7)cc8)CCc9cc%10c%13ccc(N(c%11ccc(OC)cc%11)c%12ccc(OC)cc%12)cc%13)cc%14)cc%15,18.0
O(C1=CC=C(C=C1)N(C2=CC=C(OC)C=C2)C3=CC=C(C=C3)C=4C=CC5=C(C4)C=6C=CC=CC6N5C7=CC=C(OC)C=C7)C,17.54
O=C1C(SC(=S)N1CCCCCCCC)=CC=2SC(C=3SC(=CC3)C=4SC(=CC4CCCCCCCC)C=5SC=6C(C5)=C(C=7SC(=CC7)CC(CC)CCCC)C=8SC(=CC8C6C=9SC(=CC9)CC(CC)CCCC)C=%10SC(C=%11SC(=CC%11)C=%12SC(C=C%13SC(=S)N(C%13=O)CCCCCCCC)=CC%12CCCCCCCC)=C(C%10)CCCCCCCC)=C(C2)CCCCCCCC,14.9
O(C1=CC=C(C=C1)N(C2=CC=C(OC)C=C2)C3=CC=C(C=C3)C=4C=CC=5C=6C=CC(=CC6C(C5C4)(CCCCCCCC)CCCCCCCC)N(C7=CC=C(C=C7)N8C=9C=CC=CC9C=%10C=CC=CC%108)C=%11C=CC=%12C=%13C=CC(=CC%13C(C%12C%11)(CCCCCCCC)CCCCCCCC)C%14=CC=C(C=C%14)N(C%15=CC=C(OC)C=C%15)C%16=CC=C(OC)C=C%16)C,15.71
O=C1C2=CC(=CC=C2N(C=3C=C4C(=O)C5=CC(=CC=C5N(C4=CC13)CCCCCCCC)N(C6=CC=C(OC)C=C6)C7=CC=C(OC)C=C7)CCCCCCCC)N(C8=CC=C(OC)C=C8)C9=CC=C(OC)C=C9,12.1
C(CCCCC)OC1=C2C(SC(=C2)C=2C=CC=3N(C4=CC=CC=C4OC3C2)CCCCCC)=C(C2=C1SC(=C2)C=2C=CC=1N(C3=CC=CC=C3OC1C2)CCCCCC)OCCCCCC,18.94
O1C=2C(OCC1)=C(SC2C3=CC=C4C(=C3)C=5C=CC=CC5N4CC)C=6C=CC7=C(C6)C=8C=CC=CC8N7CC,12.0
O(C1=CC=C(C=C1)N(C2=CC=C(OC)C=C2)C=3C=CC=4C5=CC=C(C=C5CC4C3)N(C6=CC=C(OC)C=C6)C7=CC=C(OC)C=C7)C,13.67
O=C1C(SC(=S)N1CC)=CC2=CC=C3C(OC4=CC(=CC=C4N3CC(CC)CCCC)C=5SC=6C(OCC(CC)CCCC)=C7C=C(SC7=C(OCC(CC)CCCC)C6C5)C=8C=CC9=C(OC%10=CC(=CC=C%10N9CC(CC)CCCC)C=C%11SC(=S)N(C%11=O)CC)C8)=C2,13.2
O1C=2C=CC=CC2N3C4=CC(OCCCCCCCC)=C(C=C4OC=5C=CC=C1C53)C6=CC7=CC=CC7=CC(=C6)C=8C=C9OC=%10C=CC=C%11OC=%12C=CC=CC%12N(C9=CC8OCCCCCCCC)C%11%10,8.5
O(C1=CC=C(C=C1)N(C2=CC=C(OC)C=C2)C3=CC=C(C=C3)C=4SC(=C5OCC6(COC54)COC=7C(OC6)=C(SC7C8=CC=C(C=C8)N(C9=CC=C(OC)C=C9)C%10=CC=C(OC)C=C%10)C=%11C=CC(=CC%11)N(C%12=CC=C(OC)C=C%12)C%13=CC=C(OC)C=C%13)C=%14C=CC(=CC%14)N(C%15=CC=C(OC)C=C%15)C%16=CC=C(OC)C=C%16)C,13.4
O(C1=CC=C(C=C1)N(C2=CC=C(OC)C=C2)C=3C=CC(=CC3)C=4SC(=CC4)C=5C(=C(C=6SC(=CC6)C=7C=CC(=CC7)N(C8=CC=C(OC)C=C8)C9=CC=C(OC)C=C9)C(=C(C=%10C(=C(C=%11SC(=CC%11)C=%12C=CC(=CC%12)N(C%13=CC=C(OC)C=C%13)C%14=CC=C(OC)C=C%14)C(=C(C=%15SC(=CC%15)C=%16C=CC(=CC%16)N(C%17=CC=C(OC)C=C%17)C%18=CC=C(OC)C=C%18)C%10C)C)C)C5C)C)C)C,2.3
COC1=CC=C(C=C1)N(C=1C=CC=2C3=CC=C(C=C3C3=CC=CC1C23)N(C2=CC=C(C=C2)OC)C2=CC=C(C=C2)OC)C2=CC=C(C=C2)OC,11.96
O(CC)CCOCCC=1SC(=CC1)C=2SC(=CC2)C=3SC(C=4SC(=CC4)C=5SC(=CC5)CCOCCOCC)=C(C3)C=6C=C(SC6C=7SC(=CC7)C=8SC(=CC8)CCOCCOCC)C=9SC(=CC9)C=%10SC(=CC%10)CCOCCOCC,9.73
